{
    "accuracy": 0.9547101449275363,
    "precision": 0.85,
    "recall": 0.7611940298507462,
    "auc": 0.9287274965379289
}